direccion,contacto,dni,primer_nombre,primer_apellido,segundo_apellido,cod_turno,cod_contrato,cod_cargo,cod_local
8,944194531,14156500,Elliot,Gillatt,Blunsen,2,41,11,11
04,990063300,45237848,Jodee,Naish,Blaxlande,2,72,4,15
555,953003239,90887376,Robbyn,Folomkin,Seale,1,71,11,17
46,945090144,47379285,Dominica,Joselson,Vurley,2,72,5,13
7,932413101,25917418,Joeann,Chesson,Fordyce,1,9,13,14
51724,906786421,91327168,Meggi,Cronchey,Seczyk,2,45,4,9
76321,901303447,80741968,Gabbie,Coneley,Bimson,1,22,8,2
543,929081673,36229552,Oates,Cain,Witcher,1,87,3,10
49,905108771,89088030,Drucy,Killik,Kingswoode,1,17,13,8
88005,956239354,30033385,Doralin,Shivell,Smallthwaite,1,46,6,2
8,945818248,21915624,Giacobo,Gerling,Attersoll,1,78,8,6
08,986997445,19715138,Rose,Pallister,Klimek,1,85,13,17
816,964886394,38826162,Jamaal,Pearle,Chesswas,2,51,10,18
36,916304780,31964112,Charisse,Currey,Edeson,2,97,12,11
2,918892652,86981639,Karylin,Mance,Dafter,1,45,12,2
1,907756182,65093064,Antoinette,Kembrey,Boxhall,2,94,5,18
0862,905101049,47716796,Averell,Hathaway,Thoumasson,2,27,13,14
734,937191862,58426677,Maryellen,Lynock,Whal,1,7,8,3
45959,941001163,81163257,Isa,Zollner,Cundy,1,39,3,4
34984,904197964,50120619,Maximilian,Yurmanovev,Crose,1,3,8,18
82804,935704887,80538729,Nickey,Merrell,Siberry,2,87,1,6
0232,910838560,88450755,Amanda,Butterwick,Harral,2,93,10,8
134,980473368,72968015,Nadean,Avramovich,Adrain,2,21,13,18
73,909426798,93674950,Bobby,Derham,Lambillion,1,57,9,8
351,974225431,24096423,Rivkah,Tuppeny,Pounsett,1,99,6,16
897,931635290,52247242,Demetra,Amy,Boother,1,32,12,18
56,970232349,66794451,Anatola,McCaughey,Steels,2,3,6,17
403,903453982,80469623,Nari,Height,Eles,1,26,11,4
18,948045780,24470187,Lida,O'Murtagh,Stut,2,97,2,13
1,914199989,65754284,Fulvia,Rogez,Elies,1,68,8,14
118,924430722,23065654,Cass,Doram,Sabbins,2,67,9,6
8,927652855,72719282,Tally,Dupre,Oxlee,2,51,5,1
67,983869136,56233798,Nertie,Jewis,Pettegre,1,42,9,16
63859,940366851,46866473,Rowan,Howcroft,Tincombe,2,49,11,10
247,985350307,97440434,Adelice,Kingscott,Nunson,2,10,5,2
6222,933667291,64650397,Jill,Huson,Guerin,2,9,11,16
6891,980748296,19029746,Harper,Raynham,Wimpenny,1,17,5,13
42,938023973,39405334,Amanda,Noe,MacKartan,2,88,11,14
7075,933042775,47590629,Jackelyn,Pilling,Hedin,2,99,5,14
64,942697044,72882676,Conrad,Yanyshev,Dorre,2,3,2,15
46963,955340061,67590608,Dorolisa,Osmar,Rolston,1,100,5,3
33,902038460,27143301,Margarita,Coulthart,Matyushenko,1,46,9,9
6,993956572,39299477,Marilee,Hrus,Balchen,1,13,2,7
73,934130957,53784809,Lura,Benedicte,Berka,2,9,6,1
34001,953055492,33552553,Inez,Sandy,Collinette,1,91,12,4
349,977147129,86664253,Nobie,Murcott,Sydney,2,77,12,1
7624,905849032,83724493,Fairfax,Tomankowski,Denecamp,2,9,9,12
2,926360677,13449388,Anna-diana,Caen,Boylin,1,32,9,1
92,900584628,92869969,Kahlil,Imlaw,Lingfoot,2,80,2,8
12508,980497905,31233343,Corie,Boothebie,Cosley,2,60,4,3


